"","eu_state","code","greenhouse","co2","ch4","ch4_co2","no2","no2_co2","hfc_co2","pfc_co2","nf3_sf6_co2","co2_bio_fuel","acidifying_gasses","sox_so2","nox_so2","nh3_so2","o3_precursors","nox_nmvoc","co","co_nmvoc","ch4_nmvoc","nox","ch3","part_u2_5","part_u10","non_ch4_vol","year"
"1","France","FR",200.81,140.89,1.23,30.8,0.07,20.67,7.68,0.41,0.37,13.8,1.11,0.14,0.37,0.6,1.2,0.65,1.02,0.11,0.02,0.53,0.32,0.04,0.08,0.42,2011
"2","Croatia","HR",557.07,399.15,3.55,88.65,0.21,62.03,6.98,0,0.24,10.3,3.66,0.72,1,1.93,3.21,1.74,1.63,0.18,0.05,1.43,1.02,0.16,0.44,1.24,2011
"3","Hungary","HU",637.15,485.76,3.73,93.24,0.15,43.47,13.75,0.05,0.89,40.64,2.83,0.24,1.15,1.44,2.98,2,1.16,0.13,0.05,1.64,0.76,0.1,0.31,0.8,2011
"4","Austria","AT",225.22,183.81,0.98,24.61,0.04,11.3,4.27,0.27,0.96,57.58,0.76,0.05,0.3,0.41,0.91,0.51,0.8,0.09,0.01,0.42,0.22,0.03,0.07,0.29,2011
"5","Belgium","BE",295.42,243.6,0.92,22.93,0.06,18.74,9.35,0.47,0.33,24.52,0.91,0.14,0.37,0.4,1.04,0.65,0.81,0.09,0.01,0.53,0.21,0.03,0.05,0.29,2011
"6","Bulgaria","BG",1710.15,1434.41,7.32,182.92,0.27,79.12,13.23,0,0.47,29.6,17.56,13.94,2.33,1.3,6.02,4.05,3.11,0.34,0.1,3.32,0.69,0.18,0.75,1.52,2011
"7","Switzerland","CH",73.6,55.33,0.4,9.99,0.02,5.71,2.18,0.07,0.33,9.39,0.33,0.02,0.11,0.21,0.35,0.18,0.18,0.02,0.01,0.15,0.11,0.01,0.02,0.14,2011
"8","Cyprus","CY",428.35,358.77,1.9,47.48,0.05,13.93,7.38,0,0.79,5.74,3.09,1.25,0.84,1,1.96,1.46,0.39,0.04,0.03,1.19,0.53,0.07,0.15,0.43,2011
"9","Czechia","CZ",770.68,629.33,3.55,88.84,0.13,38.94,12.93,0.06,0.59,25.19,2.94,0.96,0.96,1.01,2.81,1.68,1.71,0.19,0.05,1.37,0.53,0.07,0.15,0.89,2011
"10","Germany","DE",325.1,282.53,0.91,22.68,0.05,15.17,3.32,0.12,1.28,27.7,1.15,0.2,0.47,0.48,1.31,0.82,0.73,0.08,0.01,0.67,0.25,0.05,0.09,0.41,2011
"11","Denmark","DK",427.16,363.28,1.37,34.35,0.09,26.04,3.08,0.04,0.36,46.42,7.51,3.1,3.74,0.67,7.21,6.52,0.83,0.09,0.02,5.34,0.35,0.29,0.34,0.58,2011
"12","Estonia","EE",1401.86,1263.18,2.96,74.02,0.18,53.47,11.06,0,0.12,146.93,8.9,5.37,2.22,1.31,5.13,3.86,2.61,0.29,0.04,3.17,0.69,1.14,2.24,0.94,2011
"13","Greece","EL",590.75,478.24,2.39,59.76,0.1,28.81,23.29,0.62,0.03,9.89,4.69,1.9,2.09,0.71,4.43,3.64,1.62,0.18,0.03,2.98,0.37,0.23,0.41,0.58,2011
"14","Ireland","IE",335.31,212.79,3.18,79.54,0.13,38.38,4.2,0.1,0.29,6.96,1.82,0.11,0.38,1.34,1.24,0.66,0.22,0.02,0.04,0.54,0.7,0.03,0.12,0.51,2011
"15","Spain","ES",301.77,231.31,1.59,39.68,0.05,16.03,14.42,0.09,0.24,13.7,1.7,0.29,0.61,0.81,1.67,1.06,1.01,0.11,0.02,0.87,0.42,0.08,0.14,0.48,2011
"16","Finland","FI",376.87,314.27,1.16,28.99,0.09,26.83,6.62,0.02,0.14,164.1,1.51,0.39,0.75,0.36,1.75,1.31,0.79,0.09,0.02,1.08,0.19,0.07,0.14,0.33,2011
"17","Iceland","IS",483.65,365.72,2.58,64.59,0.1,29.99,15.48,7.57,0.31,0.03,11.29,8.2,2.09,1,5.37,3.64,10.28,1.13,0.04,2.99,0.52,0.15,0.24,0.55,2011
"18","Portugal","PT",383.84,293.13,2.55,63.67,0.07,19.51,7.29,0.06,0.19,39.08,1.89,0.39,0.81,0.69,2.25,1.41,1.13,0.12,0.04,1.16,0.37,0.24,0.49,0.68,2011
"19","Romania","RO",970.77,658.99,8.39,209.63,0.32,95.95,5.68,0.11,0.41,18.03,6.97,2.79,1.27,2.91,3.91,2.21,3.18,0.35,0.12,1.81,1.53,0.21,0.52,1.23,2011
"20","Serbia","RS",NA,1571.15,11.04,276.02,0.12,37.14,0,NA,0,24.86,20.49,14.94,3.24,2.31,8.78,5.65,6.07,0.67,0.15,4.63,1.21,0.55,0.98,2.31,2011
"21","Sweden","SE",145.97,117.23,0.54,13.57,0.04,12.25,2.18,0.59,0.15,107.21,0.72,0.1,0.35,0.27,0.98,0.61,0.5,0.05,0.01,0.5,0.14,0.05,0.08,0.3,2011
"22","Slovenia","SI",510.42,421.83,2.47,61.74,0.07,21.37,4.28,0.62,0.56,21.04,2.4,0.36,1.06,0.99,2.85,1.85,2.48,0.27,0.03,1.51,0.52,0.1,0.15,0.7,2011
"23","Slovakia","SK",607.68,511.03,2.27,56.75,0.1,31.1,8.16,0.31,0.32,80.88,2.51,1.01,0.74,0.76,2.71,1.28,2.9,0.32,0.03,1.05,0.4,0.06,0.14,1.08,2011
"24","Turkey","TR",NA,521.44,3.81,95.24,0.19,57.59,NA,NA,NA,NA,7.11,3.81,1.09,2.21,3.78,1.9,2.23,0.25,0.05,1.55,1.16,NA,NA,1.58,2011
"25","UnitedKingdom","UK",284.62,231.38,1.4,35.07,0.04,11.1,6.46,0.24,0.37,9.17,1.13,0.3,0.57,0.27,1.48,0.99,0.54,0.06,0.02,0.81,0.14,0.04,0.07,0.41,2011
"26","Norway","NO",199.15,172.86,0.61,15.19,0.03,7.85,2.27,0.82,0.15,15.11,1.32,0.24,0.9,0.17,2.04,1.57,0.7,0.08,0.01,1.29,0.09,0.1,0.12,0.38,2011
"27","Italy","IT",266.92,216.74,1.19,29.74,0.04,11.3,7.7,1.12,0.32,11.11,1.19,0.29,0.42,0.47,1.22,0.74,0.46,0.05,0.02,0.61,0.25,0.06,0.08,0.42,2011
"28","Lithuania","LT",681.74,437.49,4.73,118.21,0.39,117.48,8.29,0,0.27,54.99,4.7,0.67,1.68,2.35,4.28,2.94,1,0.11,0.07,2.41,1.23,0.16,0.35,1.16,2011
"29","Luxembourg","LU",190.13,168.22,0.56,14.05,0.02,7.13,0.53,0,0.19,5.45,0.67,0.05,0.38,0.25,0.94,0.66,0.37,0.04,0.01,0.54,0.13,0.02,0.04,0.23,2011
"30","Latvia","LV",605.55,438.11,3.52,88.11,0.23,68.44,10.46,0,0.43,144.24,3.3,0.18,1.68,1.45,4.77,2.92,2.18,0.24,0.05,2.4,0.76,0.33,0.87,1.55,2011
"31","Malta","MT",506.7,446.85,1.12,28.08,0.03,7.73,23.27,0,0.78,0.55,2.67,1.3,0.92,0.45,2.04,1.6,1.1,0.12,0.02,1.31,0.24,0.08,0.17,0.3,2011
"32","Netherlands","NL",308.86,260.04,1.25,31.29,0.05,13.51,3.4,0.4,0.21,21.07,1.03,0.12,0.53,0.38,1.32,0.92,0.51,0.06,0.02,0.76,0.2,0.03,0.05,0.33,2011
"33","Poland","PL",1113.36,890.46,5.54,138.49,0.22,65.89,18.36,0.04,0.12,61.08,5.5,1.96,1.8,1.74,5.14,3.14,2.75,0.3,0.08,2.57,0.91,0.25,0.46,1.62,2011
"34","France","FR",195.12,136.58,1.19,29.64,0.07,20.47,7.65,0.42,0.36,14.38,1.09,0.14,0.35,0.59,1.11,0.61,0.79,0.09,0.02,0.5,0.31,0.03,0.08,0.39,2012
"35","Croatia","HR",531.62,375.01,3.62,90.56,0.2,58.49,7.3,0,0.24,14.09,3.45,0.62,0.91,1.92,3.02,1.58,1.66,0.18,0.05,1.3,1.01,0.15,0.44,1.2,2012
"36","Hungary","HU",594.42,438.9,3.84,95.89,0.15,43.79,14.88,0.05,0.91,35.81,2.71,0.2,1.05,1.46,2.82,1.83,1.11,0.12,0.05,1.5,0.77,0.09,0.26,0.81,2012
"37","Austria","AT",209.41,169.36,0.94,23.55,0.04,10.88,4.46,0.18,0.97,59.31,0.73,0.05,0.27,0.41,0.85,0.48,0.76,0.08,0.01,0.39,0.21,0.03,0.07,0.27,2012
"38","Belgium","BE",277.96,228.01,0.88,22.1,0.06,18.13,9.06,0.33,0.33,25.83,0.85,0.12,0.35,0.38,0.95,0.6,0.61,0.07,0.01,0.49,0.2,0.03,0.05,0.27,2012
"39","Bulgaria","BG",1553.48,1281.7,6.99,174.83,0.28,82.26,14.25,0,0.44,41.56,12.16,8.67,2.2,1.29,5.73,3.84,2.88,0.32,0.1,3.15,0.68,0.18,0.71,1.47,2012
"40","Switzerland","CH",72.14,54.25,0.38,9.57,0.02,5.61,2.23,0.07,0.4,9.75,0.32,0.02,0.1,0.2,0.33,0.18,0.17,0.02,0.01,0.15,0.11,0.01,0.02,0.13,2012
"41","Cyprus","CY",401.28,331.14,1.91,47.74,0.05,13.82,7.74,0,0.84,5.01,2.7,0.97,0.77,0.96,1.82,1.34,0.34,0.04,0.03,1.1,0.51,0.05,0.11,0.41,2012
"42","Czechia","CZ",755.59,612.05,3.61,90.35,0.13,38.72,13.8,0.04,0.63,28.49,2.81,0.93,0.92,0.96,2.72,1.61,1.62,0.18,0.05,1.32,0.5,0.07,0.15,0.88,2012
"43","Germany","DE",325.17,282.78,0.9,22.54,0.05,15.11,3.37,0.1,1.26,29.73,1.17,0.21,0.49,0.48,1.34,0.85,0.68,0.07,0.01,0.7,0.25,0.05,0.09,0.4,2012
"44","Denmark","DK",385.21,323.78,1.32,32.98,0.08,24.86,2.99,0.02,0.59,47.11,6.83,2.81,3.39,0.63,6.55,5.9,0.77,0.09,0.02,4.84,0.33,0.27,0.32,0.55,2012
"45","Estonia","EE",1282.91,1149.19,2.78,69.62,0.18,53.52,10.45,0,0.12,131.02,6.45,3.08,2.13,1.25,4.96,3.71,3.05,0.34,0.04,3.04,0.66,0.44,0.79,0.88,2012
"46","Greece","EL",626.54,507.09,2.52,62.89,0.1,28.34,27.3,0.89,0.03,9.49,4.63,1.86,2.03,0.74,4.45,3.53,1.97,0.22,0.04,2.9,0.39,0.23,0.4,0.66,2012
"47","Ireland","IE",338.76,213.42,3.27,81.81,0.13,39.04,4.19,0.06,0.24,7.21,1.87,0.1,0.38,1.39,1.24,0.66,0.22,0.02,0.05,0.54,0.73,0.03,0.12,0.51,2012
"48","Spain","ES",308.19,236.87,1.59,39.82,0.05,15.91,15.3,0.06,0.23,15.65,1.73,0.3,0.6,0.82,1.63,1.04,0.83,0.09,0.02,0.85,0.43,0.07,0.12,0.47,2012
"49","Finland","FI",339.58,278.08,1.13,28.25,0.09,26.44,6.67,0.02,0.13,169.53,1.41,0.33,0.72,0.36,1.66,1.25,0.72,0.08,0.02,1.03,0.19,0.06,0.12,0.31,2012
"50","Iceland","IS",477.48,361.82,2.38,59.49,0.1,29.48,17.04,9.13,0.52,0.03,11.09,8.15,2.01,0.93,5.16,3.5,10.01,1.1,0.03,2.87,0.49,0.16,0.23,0.52,2012
"51","Portugal","PT",395.36,301.31,2.6,65.03,0.07,20.62,8.13,0.07,0.21,40.59,1.88,0.38,0.8,0.71,2.26,1.39,1.17,0.13,0.04,1.14,0.37,0.23,0.45,0.71,2012
"52","Romania","RO",932.54,628.6,8.37,209.14,0.3,88.11,6.19,0.06,0.44,20.08,6.25,2.22,1.22,2.82,3.74,2.12,2.82,0.31,0.12,1.74,1.48,0.2,0.52,1.2,2012
"53","Serbia","RS",NA,1430.98,11.71,292.68,0.14,40.73,0.01,NA,0,15.43,20.47,14.49,3.23,2.75,8.55,5.62,4.75,0.52,0.16,4.61,1.45,0.49,0.91,2.24,2012
"54","Sweden","SE",132.95,106.32,0.5,12.58,0.04,11.65,2.07,0.21,0.14,106.68,0.64,0.08,0.3,0.25,0.87,0.53,0.47,0.05,0.01,0.43,0.13,0.04,0.07,0.29,2012
"55","Slovenia","SI",504.1,413.78,2.48,61.91,0.07,22.1,5.22,0.58,0.52,21.38,2.37,0.34,1.02,1.01,2.76,1.78,2.44,0.27,0.03,1.46,0.53,0.09,0.14,0.68,2012
"56","Slovakia","SK",546.94,456.4,2.11,52.67,0.1,28.85,8.31,0.39,0.32,86.84,2.3,0.83,0.68,0.78,2.43,1.19,2.73,0.3,0.03,0.98,0.41,0.06,0.13,0.91,2012
"57","Turkey","TR",NA,474.6,3.55,88.79,0.18,52.3,NA,NA,NA,NA,6.26,3.33,0.81,2.12,3.11,1.42,1.67,0.18,0.05,1.16,1.11,NA,NA,1.46,2012
"58","UnitedKingdom","UK",260.43,213.02,1.24,30.9,0.03,9.94,6.11,0.14,0.32,8.46,1.01,0.28,0.49,0.24,1.29,0.85,0.49,0.05,0.02,0.7,0.13,0.03,0.06,0.36,2012
"59","Norway","NO",178.28,154.72,0.54,13.59,0.02,7.09,2.17,0.56,0.14,11.15,1.17,0.22,0.79,0.16,1.79,1.38,0.62,0.07,0.01,1.13,0.08,0.09,0.11,0.34,2012
"60","Italy","IT",259.45,208.19,1.21,30.14,0.04,11.52,8.26,1.03,0.32,9.87,1.15,0.26,0.4,0.5,1.16,0.69,0.41,0.05,0.02,0.57,0.26,0.05,0.07,0.4,2012
"61","Lithuania","LT",629.19,405.72,4.42,110.58,0.35,103.66,9.09,0,0.13,63.66,4.33,0.55,1.65,2.14,4.13,2.87,0.94,0.1,0.06,2.35,1.12,0.11,0.29,1.1,2012
"62","Luxembourg","LU",182.32,161.68,0.53,13.2,0.02,6.72,0.53,0,0.2,5.11,0.64,0.04,0.37,0.23,0.92,0.65,0.39,0.04,0.01,0.53,0.12,0.02,0.04,0.22,2012
"63","Latvia","LV",526.61,373.83,3.15,78.81,0.22,64.32,9.26,0,0.4,152.58,2.99,0.16,1.46,1.38,4.21,2.54,2.05,0.23,0.04,2.08,0.72,0.31,0.78,1.4,2012
"64","Malta","MT",500.82,441.89,1.03,25.76,0.02,7.24,25.85,0,0.08,1.2,2.57,1.2,0.95,0.42,2.05,1.66,0.94,0.1,0.01,1.36,0.22,0.07,0.16,0.28,2012
"65","Netherlands","NL",300.33,252.95,1.21,30.32,0.04,13.18,3.29,0.29,0.29,21.53,0.99,0.11,0.52,0.36,1.29,0.9,0.49,0.05,0.02,0.74,0.19,0.03,0.05,0.32,2012
"66","Poland","PL",1055.21,838.85,5.34,133.39,0.22,64.24,18.57,0.04,0.12,66.68,5.09,1.79,1.66,1.63,4.76,2.9,2.5,0.27,0.07,2.38,0.86,0.23,0.42,1.51,2012
"67","France","FR",192.44,134.97,1.17,29.16,0.07,20.15,7.5,0.35,0.31,14.86,1.05,0.13,0.34,0.58,1.08,0.59,0.79,0.09,0.02,0.49,0.3,0.03,0.07,0.38,2013
"68","Croatia","HR",512.4,371.33,3.57,89.15,0.15,43.26,8.5,0,0.16,14.68,2.98,0.45,0.92,1.61,2.96,1.6,1.52,0.17,0.05,1.31,0.85,0.15,0.46,1.14,2013
"69","Hungary","HU",563.73,408.5,3.66,91.57,0.16,46.89,15.59,0.05,1.13,40.41,2.69,0.19,1.04,1.47,2.72,1.8,0.91,0.1,0.05,1.48,0.77,0.08,0.29,0.77,2013
"70","Austria","AT",201,162.11,0.91,22.75,0.04,10.58,4.45,0.17,0.94,58.18,0.7,0.05,0.26,0.4,0.79,0.44,0.75,0.08,0.01,0.36,0.21,0.03,0.06,0.25,2013
"71","Belgium","BE",266,217.67,0.85,21.2,0.06,17.35,9.06,0.38,0.34,26.63,0.8,0.1,0.32,0.37,0.94,0.56,1.07,0.12,0.01,0.46,0.2,0.03,0.05,0.25,2013
"72","Bulgaria","BG",1434.71,1149.22,7.03,175.77,0.31,92.16,17,0,0.56,47.52,7.9,5.14,1.9,0.86,5.11,3.32,2.6,0.29,0.1,2.72,0.45,0.17,0.63,1.41,2013
"73","Switzerland","CH",72.74,55.11,0.38,9.47,0.02,5.43,2.18,0.05,0.5,10.1,0.32,0.01,0.1,0.2,0.33,0.18,0.16,0.02,0.01,0.15,0.1,0.01,0.02,0.13,2013
"74","Cyprus","CY",392.89,318.58,2.04,51.03,0.05,13.44,8.88,0,0.95,5.52,2.42,0.88,0.58,0.96,1.43,1.01,0.34,0.04,0.03,0.83,0.51,0.05,0.09,0.35,2013
"75","Czechia","CZ",739.55,597.7,3.53,88.25,0.13,38.02,14.97,0.03,0.58,31.8,2.82,0.83,0.89,1.1,2.65,1.55,1.66,0.18,0.05,1.27,0.58,0.07,0.15,0.87,2013
"76","Germany","DE",320.43,279.26,0.87,21.72,0.05,14.83,3.27,0.1,1.24,28.76,1.14,0.2,0.47,0.47,1.28,0.82,0.66,0.07,0.01,0.67,0.25,0.05,0.09,0.38,2013
"77","Denmark","DK",371.83,312.25,1.28,32.01,0.08,24.26,2.62,0.02,0.67,46.08,6.01,2.4,3.01,0.6,5.85,5.24,0.69,0.08,0.02,4.3,0.32,0.24,0.29,0.52,2013
"78","Estonia","EE",1345,1217.46,2.63,65.87,0.17,50.97,10.58,0,0.12,121.74,5.99,2.84,1.95,1.21,4.57,3.39,2.84,0.31,0.04,2.78,0.64,0.63,1.13,0.83,2013
"79","Greece","EL",606.21,481.22,2.57,64.22,0.09,27.58,32.07,1.08,0.03,7.49,4.15,1.54,1.84,0.77,4.02,3.21,1.67,0.18,0.04,2.63,0.41,0.21,0.39,0.59,2013
"80","Ireland","IE",330.01,204.52,3.23,80.7,0.14,40.24,4.24,0.05,0.27,8.02,1.81,0.09,0.37,1.35,1.21,0.64,0.2,0.02,0.05,0.53,0.71,0.03,0.11,0.5,2013
"81","Spain","ES",283.9,211.97,1.57,39.21,0.06,16.81,15.61,0.07,0.23,15.21,1.61,0.24,0.53,0.84,1.54,0.92,1.09,0.12,0.02,0.76,0.44,0.08,0.14,0.47,2013
"82","Finland","FI",339.37,279.17,1.09,27.19,0.09,26.25,6.56,0.03,0.17,176.88,1.35,0.31,0.69,0.35,1.6,1.21,0.71,0.08,0.02,0.99,0.18,0.06,0.12,0.3,2013
"83","Iceland","IS",484.3,374.09,2.26,56.4,0.09,27.58,17.85,8.08,0.29,0.41,9.19,6.34,1.99,0.86,5.06,3.47,9.69,1.07,0.03,2.85,0.45,0.14,0.22,0.49,2013
"84","Portugal","PT",376.6,285.05,2.49,62.3,0.07,20.31,8.66,0.08,0.21,39.74,1.77,0.34,0.76,0.67,2.16,1.32,1.05,0.12,0.03,1.08,0.35,0.21,0.36,0.69,2013
"85","Romania","RO",792.35,513.22,7.54,188.54,0.28,83.94,6.16,0.05,0.45,19.52,5.3,1.64,1.04,2.62,3.29,1.8,2.72,0.3,0.11,1.48,1.38,0.16,0.44,1.08,2013
"86","Serbia","RS",NA,1349.27,10.84,271.01,0.13,39.45,0.01,NA,0,37.68,19.33,13.88,3,2.45,8.15,5.23,4.76,0.52,0.15,4.28,1.29,0.46,0.86,2.25,2013
"87","Sweden","SE",126.75,101.05,0.48,12.02,0.04,11.44,2,0.13,0.11,103.88,0.65,0.09,0.31,0.25,0.86,0.53,0.45,0.05,0.01,0.44,0.13,0.04,0.07,0.27,2013
"88","Slovenia","SI",483.01,394.76,2.4,59.9,0.07,21.29,6.03,0.49,0.54,22.98,2.23,0.31,0.92,1,2.57,1.61,2.41,0.26,0.03,1.32,0.52,0.09,0.14,0.66,2013
"89","Slovakia","SK",535.02,445.49,2.09,52.13,0.1,28.38,8.55,0.15,0.33,87.44,2.19,0.75,0.66,0.79,2.42,1.15,2.65,0.29,0.03,0.94,0.42,0.05,0.13,0.95,2013
"90","Turkey","TR",NA,444.56,3.34,83.39,0.18,53.28,NA,NA,NA,NA,5.49,2.57,0.78,2.14,3,1.36,1.51,0.17,0.05,1.11,1.13,NA,NA,1.43,2013
"91","UnitedKingdom","UK",253.32,207.6,1.16,28.98,0.03,9.95,6.33,0.17,0.28,10.13,0.92,0.24,0.44,0.24,1.2,0.77,0.51,0.06,0.02,0.63,0.13,0.03,0.06,0.35,2013
"92","Norway","NO",180.04,156.15,0.55,13.73,0.02,7.08,2.43,0.51,0.15,9.03,1.12,0.2,0.76,0.16,1.76,1.33,0.64,0.07,0.01,1.09,0.08,0.08,0.11,0.36,2013
"93","Italy","IT",237,186.48,1.17,29.28,0.04,11,8.76,1.17,0.31,12.38,1.06,0.21,0.37,0.48,1.09,0.64,0.33,0.04,0.02,0.52,0.25,0.05,0.07,0.4,2013
"94","Lithuania","LT",561.96,357.17,4.13,103.26,0.31,91.45,9.89,0,0.2,68.36,4.08,0.44,1.61,2.02,3.99,2.81,0.9,0.1,0.06,2.31,1.06,0.1,0.28,1.02,2013
"95","Luxembourg","LU",172.76,153,0.5,12.59,0.02,6.41,0.56,0,0.19,5.11,0.63,0.04,0.37,0.22,0.9,0.65,0.37,0.04,0.01,0.53,0.11,0.02,0.03,0.2,2013
"96","Latvia","LV",500.63,347.57,3.17,79.34,0.21,63.96,9.34,0,0.42,172.02,2.92,0.14,1.37,1.41,4.03,2.39,1.84,0.2,0.04,1.96,0.74,0.32,0.75,1.39,2013
"97","Malta","MT",419.05,363.8,0.89,22.24,0.02,6.58,26.04,0,0.39,1.07,1.83,0.71,0.72,0.4,1.63,1.25,0.82,0.09,0.01,1.02,0.21,0.05,0.12,0.27,2013
"98","Netherlands","NL",295.94,249.38,1.2,29.99,0.05,13.43,2.72,0.21,0.2,19.52,0.98,0.11,0.51,0.36,1.27,0.89,0.46,0.05,0.02,0.73,0.19,0.03,0.04,0.31,2013
"99","Poland","PL",1033.56,817.62,5.29,132.33,0.21,64.03,19.41,0.04,0.14,63.33,4.86,1.68,1.54,1.64,4.4,2.69,2.3,0.25,0.07,2.2,0.86,0.21,0.4,1.38,2013
"100","France","FR",179.24,122.21,1.15,28.78,0.07,20.38,7.3,0.32,0.25,14.67,0.99,0.11,0.31,0.58,1,0.53,0.67,0.07,0.02,0.44,0.3,0.03,0.07,0.38,2014
"101","Croatia","HR",498.61,357.34,3.61,90.32,0.14,42.13,8.64,0,0.18,12.42,2.82,0.37,0.87,1.58,2.8,1.51,1.36,0.15,0.05,1.24,0.83,0.14,0.42,1.08,2014
"102","Hungary","HU",552.85,399.47,3.47,86.82,0.16,47.63,17.95,0.05,0.93,45.76,2.63,0.17,1,1.45,2.6,1.75,0.85,0.09,0.05,1.43,0.76,0.09,0.34,0.71,2014
"103","Austria","AT",187.24,149.26,0.87,21.74,0.04,10.61,4.5,0.18,0.95,55.14,0.68,0.05,0.24,0.39,0.75,0.42,0.73,0.08,0.01,0.34,0.21,0.02,0.06,0.24,2014
"104","Belgium","BE",254.22,206.7,0.82,20.46,0.06,17.02,9.43,0.36,0.27,23.48,0.76,0.1,0.31,0.36,0.85,0.53,0.6,0.07,0.01,0.44,0.19,0.02,0.04,0.24,2014
"105","Bulgaria","BG",1486.71,1189.34,6.92,173.11,0.35,104.91,18.89,0,0.45,42.03,7.72,4.86,1.91,0.96,4.96,3.33,2.68,0.3,0.1,2.73,0.5,0.17,0.63,1.25,2014
"106","Switzerland","CH",67.48,50.35,0.37,9.2,0.02,5.24,2.16,0.04,0.49,9.56,0.3,0.01,0.1,0.19,0.31,0.17,0.15,0.02,0.01,0.14,0.1,0.01,0.02,0.12,2014
"107","Cyprus","CY",433.97,356.05,2.14,53.39,0.05,13.81,9.68,0,1.03,6.61,2.74,1.12,0.62,1.01,1.49,1.07,0.39,0.04,0.03,0.88,0.53,0.04,0.09,0.34,2014
"108","Czechia","CZ",737.36,592.91,3.55,88.87,0.13,38.84,16.17,0.02,0.56,35.38,2.81,0.8,0.87,1.14,2.63,1.52,1.7,0.19,0.05,1.25,0.6,0.07,0.15,0.87,2014
"109","Germany","DE",289.86,250.64,0.82,20.47,0.05,14.46,3.03,0.09,1.17,28,1.04,0.18,0.4,0.46,1.13,0.71,0.61,0.07,0.01,0.58,0.24,0.04,0.09,0.35,2014
"110","Denmark","DK",335.61,277.75,1.24,30.98,0.08,23.87,2.34,0.01,0.67,45.75,5.65,2.26,2.81,0.58,5.48,4.9,0.66,0.07,0.02,4.02,0.31,0.23,0.28,0.49,2014
"111","Estonia","EE",1201.95,1080.79,2.42,60.47,0.17,50.02,10.55,0,0.12,117.78,5.96,3,1.81,1.16,4.25,3.15,2.61,0.29,0.03,2.58,0.61,0.42,0.78,0.79,2014
"112","Greece","EL",597.77,472.72,2.57,64.15,0.09,26.86,33.14,0.86,0.03,8.57,4.08,1.46,1.87,0.75,4.06,3.26,1.63,0.18,0.04,2.67,0.39,0.22,0.42,0.59,2014
"113","Ireland","IE",305.31,190.9,2.99,74.72,0.12,35.47,3.99,0.02,0.21,8.72,1.59,0.06,0.33,1.21,1.09,0.58,0.19,0.02,0.04,0.47,0.63,0.03,0.1,0.45,2014
"114","Spain","ES",284.84,213.77,1.53,38.2,0.06,17.37,15.21,0.07,0.22,14.66,1.67,0.26,0.53,0.88,1.52,0.92,0.91,0.1,0.02,0.76,0.46,0.06,0.12,0.47,2014
"115","Finland","FI",310.47,251.39,1.05,26.26,0.09,26.19,6.41,0.02,0.19,178.29,1.26,0.27,0.64,0.35,1.48,1.11,0.66,0.07,0.01,0.91,0.18,0.06,0.12,0.28,2014
"116","Iceland","IS",437.69,334.16,2.07,51.74,0.09,26.8,16.62,8.18,0.19,0.68,7.7,5.17,1.71,0.83,4.41,2.97,8.7,0.96,0.03,2.44,0.44,0.12,0.17,0.45,2014
"117","Portugal","PT",372.66,281.63,2.44,60.91,0.07,20.94,8.92,0.08,0.17,40.47,1.75,0.3,0.75,0.7,2.17,1.31,0.95,0.1,0.03,1.08,0.37,0.21,0.32,0.72,2014
"118","Romania","RO",754.14,491.05,7.11,177.7,0.26,78.76,6.19,0.05,0.39,19.36,4.82,1.34,0.96,2.51,3.03,1.67,2.53,0.28,0.1,1.37,1.32,0.15,0.41,0.98,2014
"119","Serbia","RS",NA,1136.76,10.83,270.76,0.11,33.1,0.01,NA,0,30.42,15.84,11.29,2.46,2.08,6.93,4.29,4.57,0.5,0.15,3.52,1.1,0.43,0.82,1.98,2014
"120","Sweden","SE",124.75,98.87,0.47,11.75,0.04,11.72,2.09,0.21,0.12,104.89,0.66,0.09,0.31,0.25,0.86,0.54,0.45,0.05,0.01,0.44,0.13,0.03,0.06,0.27,2014
"121","Slovenia","SI",430.55,345.97,2.24,55.96,0.07,21.1,6.53,0.47,0.53,23.91,2.05,0.24,0.83,0.98,2.38,1.44,2.62,0.29,0.03,1.18,0.52,0.09,0.13,0.62,2014
"122","Slovakia","SK",501.92,414.74,1.96,49.01,0.1,29.45,8.36,0.16,0.21,81.1,2.08,0.63,0.66,0.8,2.38,1.14,2.51,0.28,0.03,0.94,0.42,0.05,0.12,0.93,2014
"123","Turkey","TR",NA,475.09,3.49,87.22,0.18,54.45,NA,NA,NA,NA,5.96,3.02,0.78,2.16,3.02,1.36,1.47,0.16,0.05,1.12,1.14,NA,NA,1.45,2014
"124","UnitedKingdom","UK",217.9,177,1.01,25.33,0.03,9.35,5.84,0.14,0.24,11.35,0.82,0.18,0.4,0.23,1.09,0.7,0.47,0.05,0.01,0.58,0.12,0.03,0.06,0.32,2014
"125","Norway","NO",184.67,159.79,0.57,14.37,0.02,7.44,2.41,0.53,0.13,5.55,1.07,0.17,0.73,0.17,1.76,1.27,0.66,0.07,0.01,1.04,0.09,0.08,0.1,0.41,2014
"126","Italy","IT",224.01,174.2,1.14,28.62,0.04,10.72,9.14,1.07,0.26,13.06,0.99,0.19,0.34,0.46,1.03,0.6,0.33,0.04,0.02,0.49,0.24,0.04,0.06,0.38,2014
"127","Lithuania","LT",562.77,363.63,3.92,98.1,0.3,89.87,10.97,0,0.19,77.36,3.78,0.37,1.35,2.07,3.7,2.35,0.77,0.09,0.05,1.93,1.09,0.1,0.27,1.21,2014
"128","Luxembourg","LU",165.84,146.61,0.49,12.26,0.02,6.18,0.59,0,0.19,6.61,0.6,0.04,0.35,0.21,0.84,0.61,0.35,0.04,0.01,0.5,0.11,0.02,0.03,0.18,2014
"129","Latvia","LV",478.4,326.24,3.14,78.6,0.21,63.77,9.38,0,0.41,185.28,2.87,0.14,1.33,1.41,3.94,2.32,1.75,0.19,0.04,1.9,0.74,0.33,0.76,1.39,2014
"130","Malta","MT",388.17,334.08,0.89,22.29,0.02,6.07,25.64,0,0.09,1.34,1.62,0.61,0.65,0.36,1.45,1.14,0.73,0.08,0.01,0.93,0.19,0.06,0.13,0.22,2014
"131","Netherlands","NL",290.69,245.83,1.16,29.01,0.05,13.48,2.01,0.15,0.22,18.55,0.95,0.1,0.49,0.36,1.21,0.86,0.44,0.05,0.02,0.7,0.19,0.03,0.04,0.29,2014
"132","Poland","PL",969.04,761.91,5.04,126.02,0.2,60.44,20.49,0.03,0.15,63.25,4.48,1.52,1.41,1.55,4.1,2.45,2.03,0.22,0.07,2.01,0.81,0.2,0.38,1.35,2014
"133","France","FR",175.82,120.55,1.11,27.74,0.07,19.88,7.12,0.27,0.26,15.33,0.96,0.1,0.29,0.57,0.96,0.5,0.63,0.07,0.02,0.41,0.3,0.03,0.07,0.37,2015
"134","Croatia","HR",487.1,343.02,3.58,89.55,0.15,45.84,8.56,0,0.14,13.99,2.94,0.41,0.83,1.7,2.67,1.44,1.37,0.15,0.05,1.18,0.9,0.13,0.4,1.03,2015
"135","Hungary","HU",544.23,397.84,3.29,82.15,0.15,46.19,16.76,0.04,1.24,44.3,2.56,0.14,0.97,1.45,2.53,1.69,0.82,0.09,0.05,1.38,0.76,0.08,0.3,0.7,2015
"136","Austria","AT",184.83,148.02,0.83,20.75,0.03,10.27,4.71,0.16,0.92,54.89,0.66,0.04,0.22,0.39,0.7,0.39,0.74,0.08,0.01,0.32,0.2,0.02,0.06,0.22,2015
"137","Belgium","BE",256.73,210.97,0.79,19.71,0.05,15.93,9.49,0.39,0.25,24.64,0.74,0.09,0.3,0.35,0.84,0.52,0.7,0.08,0.01,0.43,0.18,0.02,0.04,0.23,2015
"138","Bulgaria","BG",1483.52,1191.23,6.68,166.89,0.35,105.29,19.65,0,0.46,49.54,6.14,3.46,1.72,0.96,4.57,2.99,2.45,0.27,0.09,2.45,0.51,0.19,0.7,1.22,2015
"139","Switzerland","CH",58.44,43.4,0.32,8,0.02,4.63,1.95,0.04,0.42,8.46,0.26,0.01,0.08,0.17,0.26,0.14,0.12,0.01,0,0.12,0.09,0.01,0.02,0.1,2015
"140","Cyprus","CY",411.82,334.87,2.1,52.53,0.05,13.76,9.61,0,1.04,7.66,2.27,0.83,0.47,0.97,1.24,0.81,0.35,0.04,0.03,0.67,0.51,0.04,0.09,0.36,2015
"141","Czechia","CZ",685.53,546.77,3.33,83.17,0.13,38.86,16.2,0.01,0.51,35.25,2.66,0.7,0.79,1.17,2.4,1.38,1.56,0.17,0.05,1.13,0.62,0.06,0.13,0.81,2015
"142","Germany","DE",284.08,246.15,0.79,19.69,0.05,13.97,2.99,0.09,1.2,27.75,1,0.13,0.44,0.44,1.17,0.76,0.64,0.07,0.01,0.62,0.23,0.05,0.09,0.33,2015
"143","Denmark","DK",326.97,271.53,1.19,29.79,0.08,23.42,1.7,0,0.51,46.33,5.77,2.28,2.91,0.58,5.65,5.08,0.66,0.07,0.02,4.16,0.31,0.18,0.22,0.48,2015
"144","Estonia","EE",983.28,865.67,2.28,57.06,0.17,49.96,10.46,0,0.13,127.01,4.92,2.27,1.54,1.1,3.77,2.69,2.67,0.29,0.03,2.21,0.58,0.45,0.72,0.75,2015
"145","Greece","EL",576.25,451.36,2.53,63.25,0.09,26.9,33.94,0.77,0.03,10.46,4.38,1.62,2.02,0.74,4.33,3.52,1.64,0.18,0.04,2.88,0.39,0.21,0.39,0.6,2015
"146","Ireland","IE",232.7,146.54,2.27,56.79,0.09,26.15,2.95,0.08,0.19,6.06,1.2,0.03,0.24,0.92,0.81,0.42,0.14,0.02,0.03,0.35,0.49,0.02,0.08,0.34,2015
"147","Spain","ES",284.31,221.29,1.52,38.09,0.06,16.92,7.7,0.09,0.23,14.07,1.65,0.26,0.52,0.87,1.51,0.9,0.99,0.11,0.02,0.74,0.46,0.07,0.13,0.47,2015
"148","Finland","FI",285.87,228.05,1.02,25.52,0.09,25.81,6.37,0.01,0.12,171.39,1.15,0.23,0.59,0.32,1.38,1.04,0.6,0.07,0.01,0.85,0.17,0.05,0.11,0.27,2015
"149","Iceland","IS",400.93,311.12,1.78,44.47,0.07,21.95,15.97,7.3,0.11,1.48,6.36,4.03,1.64,0.7,4.11,2.85,7.6,0.84,0.02,2.34,0.37,0.11,0.14,0.4,2015
"150","Portugal","PT",385.52,299.22,2.3,57.47,0.07,19.53,9.07,0.09,0.15,38.56,1.71,0.31,0.72,0.69,2.09,1.26,0.99,0.11,0.03,1.03,0.36,0.2,0.32,0.69,2015
"151","Romania","RO",722,473.34,6.65,166.25,0.25,75,6.99,0.05,0.37,20.57,4.45,1.09,0.92,2.44,2.83,1.6,2.02,0.22,0.09,1.31,1.28,0.14,0.39,0.92,2015
"152","Serbia","RS",NA,0,0,0,0,0,0,NA,0,0,16.7,11.97,2.7,2.03,7.35,4.71,4.48,0.49,0,3.86,1.07,0.46,0.87,2.15,2015
"153","Sweden","SE",124.16,99.36,0.44,11.05,0.04,11.46,2.08,0.09,0.13,106.83,0.64,0.08,0.31,0.25,0.85,0.54,0.42,0.05,0.01,0.44,0.13,0.03,0.06,0.26,2015
"154","Slovenia","SI",425.52,341.06,2.22,55.45,0.07,21.25,6.78,0.47,0.52,22.54,1.84,0.17,0.71,0.96,2.14,1.24,2.59,0.29,0.03,1.02,0.51,0.08,0.13,0.59,2015
"155","Slovakia","SK",486.58,403.77,1.85,46.18,0.09,27.31,9,0.12,0.2,84.43,2.24,0.91,0.6,0.74,2.27,1.05,2.33,0.26,0.03,0.86,0.39,0.05,0.14,0.94,2015
"156","Turkey","TR",NA,489.86,2.92,73.01,0.17,51,NA,NA,NA,NA,5.03,2.43,0.69,1.91,2.73,1.21,1.32,0.15,0.04,0.99,1,NA,NA,1.34,2015
"157","UnitedKingdom","UK",182.24,147.07,0.87,21.77,0.03,7.96,5.09,0.14,0.2,12.03,0.7,0.14,0.36,0.2,0.96,0.62,0.4,0.04,0.01,0.51,0.11,0.03,0.05,0.28,2015
"158","Norway","NO",222.45,195.53,0.63,15.71,0.03,8.36,2.23,0.47,0.15,6.74,1.55,0.42,0.95,0.18,2.18,1.65,0.75,0.08,0.01,1.36,0.09,0.12,0.14,0.44,2015
"159","Italy","IT",225.67,176.42,1.12,28.02,0.04,10.45,9.31,1.13,0.34,12.39,0.99,0.2,0.33,0.46,0.99,0.58,0.3,0.03,0.02,0.48,0.24,0.04,0.06,0.36,2015
"160","Lithuania","LT",575.75,377.19,3.82,95.46,0.3,89.12,13.82,0,0.16,94.66,3.92,0.43,1.42,2.06,3.8,2.48,0.8,0.09,0.05,2.03,1.08,0.09,0.26,1.18,2015
"161","Luxembourg","LU",171.63,153.41,0.46,11.56,0.02,5.93,0.55,0,0.19,6.58,0.63,0.04,0.38,0.2,0.88,0.67,0.32,0.04,0.01,0.55,0.11,0.02,0.03,0.17,2015
"162","Latvia","LV",471.98,325.52,2.91,72.81,0.21,63.87,9.31,0,0.47,186.19,2.77,0.12,1.27,1.37,3.78,2.22,1.61,0.18,0.04,1.82,0.72,0.33,0.81,1.34,2015
"163","Malta","MT",259.63,210.72,0.81,20.18,0.02,5.23,23.47,0,0.03,1.13,1.03,0.24,0.48,0.3,1.09,0.84,0.53,0.06,0.01,0.69,0.16,0.04,0.09,0.19,2015
"164","Netherlands","NL",292.67,248.1,1.14,28.55,0.05,13.41,2.23,0.15,0.22,18.05,0.91,0.08,0.47,0.36,1.17,0.81,0.43,0.05,0.02,0.67,0.19,0.02,0.04,0.3,2015
"165","Poland","PL",923.66,730.27,4.84,120.91,0.19,55.68,16.58,0.03,0.2,60.14,4.16,1.39,1.3,1.47,3.85,2.26,1.86,0.2,0.07,1.86,0.77,0.19,0.36,1.32,2015
"166","France","FR",173.09,119.48,1.08,27.12,0.06,19.01,6.9,0.33,0.26,15.62,0.91,0.09,0.27,0.56,0.9,0.46,0.62,0.07,0.02,0.38,0.3,0.03,0.06,0.35,2016
"167","Croatia","HR",461.43,327.95,3.49,87.36,0.13,37.72,8.23,0,0.16,16.23,2.68,0.36,0.77,1.55,2.58,1.34,1.27,0.14,0.05,1.1,0.81,0.13,0.39,1.05,2016
"168","Hungary","HU",523.22,379.6,3.14,78.62,0.16,47.03,16.63,0.04,1.3,42.04,2.4,0.13,0.86,1.41,2.29,1.49,0.72,0.08,0.04,1.23,0.74,0.08,0.27,0.67,2016
"169","Austria","AT",175.93,140.14,0.79,19.75,0.03,10.07,4.67,0.16,1.14,50.95,0.62,0.04,0.2,0.38,0.64,0.35,0.69,0.08,0.01,0.29,0.2,0.02,0.05,0.2,2016
"170","Belgium","BE",247.18,202.99,0.76,18.99,0.05,14.78,9.12,1.05,0.26,24.26,0.7,0.09,0.28,0.34,0.78,0.48,0.63,0.07,0.01,0.4,0.18,0.02,0.04,0.22,2016
"171","Bulgaria","BG",1349.51,1060.58,6.04,151.1,0.39,116.19,21.2,0,0.45,49.6,4.78,2.35,1.52,0.91,4.08,2.65,2.46,0.27,0.08,2.17,0.48,0.15,0.44,1.08,2016
"172","Switzerland","CH",58.72,43.87,0.32,7.96,0.02,4.61,1.9,0.03,0.35,9.11,0.26,0.01,0.08,0.17,0.26,0.14,0.12,0.01,0,0.12,0.09,0.01,0.02,0.09,2016
"173","Cyprus","CY",413.41,338.52,2.04,51.02,0.05,13.45,9.51,0,0.91,8.1,2.36,0.98,0.43,0.95,1.15,0.74,0.33,0.04,0.03,0.61,0.5,0.04,0.09,0.35,2016
"174","Czechia","CZ",669.04,537.52,3.03,75.83,0.13,38.11,17.08,0.01,0.49,37.22,2.19,0.56,0.7,0.92,2.19,1.23,1.51,0.17,0.04,1,0.49,0.06,0.12,0.75,2016
"175","Germany","DE",272.36,236.26,0.74,18.53,0.04,13.36,2.88,0.09,1.23,26.85,0.92,0.11,0.38,0.42,1.06,0.67,0.59,0.07,0.01,0.55,0.22,0.05,0.08,0.32,2016
"176","Denmark","DK",327.6,273.28,1.16,28.96,0.08,23.12,1.81,0,0.42,48.23,5.62,2.22,2.84,0.56,5.49,4.95,0.63,0.07,0.02,4.06,0.3,0.18,0.21,0.46,2016
"177","Estonia","EE",1022.29,912.56,2.12,53.02,0.15,46.09,10.49,0,0.13,132.26,4.75,2.18,1.55,1.02,3.79,2.7,3.08,0.34,0.03,2.21,0.54,0.35,0.57,0.72,2016
"178","Greece","EL",577.2,449.52,2.51,62.76,0.09,28.24,35.77,0.89,0.03,9.1,4.64,1.67,2.21,0.76,4.69,3.86,1.65,0.18,0.04,3.16,0.4,0.23,0.43,0.62,2016
"179","Ireland","IE",245.97,159.85,2.27,56.85,0.09,25.87,3.08,0.15,0.16,6.82,1.21,0.03,0.24,0.94,0.81,0.42,0.14,0.02,0.03,0.35,0.49,0.02,0.08,0.34,2016
"180","Spain","ES",262.44,202.04,1.47,36.71,0.05,16.13,7.25,0.09,0.23,14.13,1.54,0.22,0.47,0.85,1.41,0.82,0.94,0.1,0.02,0.67,0.45,0.07,0.12,0.47,2016
"181","Finland","FI",295.13,239.8,0.96,24.1,0.08,25.11,5.96,0.01,0.16,172.39,1.12,0.21,0.59,0.31,1.38,1.03,0.59,0.06,0.01,0.85,0.16,0.05,0.11,0.27,2016
"182","Iceland","IS",378.52,299.87,1.48,36.96,0.06,18.64,17.53,5.45,0.08,1.22,5.07,2.91,1.55,0.6,3.78,2.71,6.37,0.7,0.02,2.22,0.31,0.09,0.14,0.35,2016
"183","Portugal","PT",358,275.07,2.2,55.05,0.06,18.45,9.18,0.1,0.15,37.98,1.63,0.3,0.67,0.67,1.95,1.16,0.9,0.1,0.03,0.95,0.35,0.19,0.32,0.66,2016
"184","Romania","RO",644.92,417.78,6,150.11,0.23,69.2,7.47,0.04,0.33,21.57,3.69,0.69,0.81,2.19,2.55,1.42,1.96,0.22,0.08,1.16,1.15,0.13,0.34,0.83,2016
"185","Serbia","RS",NA,0,0,0,0,0,0,NA,0,0,16.54,11.85,2.66,2.03,7.29,4.63,4.05,0.45,0,3.8,1.07,0.47,0.9,2.21,2016
"186","Sweden","SE",122.14,98.03,0.42,10.62,0.04,11.17,2.11,0.08,0.14,108,0.66,0.11,0.32,0.24,0.85,0.56,0.41,0.05,0.01,0.46,0.12,0.03,0.06,0.24,2016
"187","Slovenia","SI",433.6,350.89,2.16,54.12,0.07,20.66,6.86,0.56,0.5,20.7,1.72,0.13,0.65,0.94,1.99,1.13,2.36,0.26,0.03,0.93,0.49,0.08,0.13,0.57,2016
"188","Slovakia","SK",482.62,401.59,1.79,44.76,0.09,27.84,8.26,0.09,0.08,78.46,1.63,0.34,0.55,0.74,2.12,0.96,2.3,0.25,0.03,0.78,0.39,0.04,0.11,0.89,2016
"189","Turkey","TR",NA,509.39,3.05,76.35,0.18,53.78,NA,NA,NA,NA,5.59,2.82,0.7,2.07,2.74,1.22,1.33,0.15,0.04,1,1.09,NA,NA,1.33,2016
"190","UnitedKingdom","UK",185.42,148.26,0.92,22.93,0.03,8.62,5.22,0.16,0.23,13.65,0.7,0.12,0.36,0.23,0.98,0.62,0.39,0.04,0.01,0.51,0.12,0.03,0.05,0.3,2016
"191","Norway","NO",202.99,175.24,0.65,16.18,0.03,8.32,2.47,0.63,0.13,7.85,1.17,0.28,0.7,0.19,1.75,1.23,0.77,0.08,0.01,1,0.1,0.08,0.11,0.43,2016
"192","Italy","IT",219.35,170.82,1.09,27.26,0.04,10.47,9.46,1.06,0.28,12.25,0.98,0.2,0.32,0.46,0.96,0.56,0.3,0.03,0.02,0.46,0.24,0.04,0.06,0.35,2016
"193","Lithuania","LT",541.85,351.33,3.57,89.14,0.28,83.69,17.55,0,0.14,93.65,3.69,0.42,1.34,1.94,3.57,2.33,0.73,0.08,0.05,1.91,1.02,0.08,0.24,1.11,2016
"194","Luxembourg","LU",162.67,144.88,0.45,11.2,0.02,5.89,0.51,0,0.19,6.47,0.59,0.04,0.36,0.19,0.83,0.62,0.34,0.04,0.01,0.51,0.1,0.02,0.03,0.16,2016
"195","Latvia","LV",454.3,309.87,2.88,72.12,0.21,62.18,9.69,0,0.45,188.33,2.63,0.11,1.17,1.35,3.47,2.03,1.47,0.16,0.04,1.66,0.71,0.32,0.73,1.24,2016
"196","Malta","MT",209.08,160.49,0.8,20.11,0.02,4.84,23.63,0,0.01,1.28,0.88,0.19,0.41,0.27,0.96,0.72,0.53,0.06,0.01,0.59,0.14,0.03,0.08,0.17,2016
"197","Netherlands","NL",284.25,241.22,1.12,28.11,0.04,12.63,1.91,0.17,0.21,17.89,0.86,0.06,0.44,0.35,1.12,0.77,0.42,0.05,0.02,0.63,0.18,0.02,0.04,0.29,2016
"198","Poland","PL",955.94,763.79,4.81,120.25,0.19,57.92,13.75,0.03,0.21,55.45,3.95,1.11,1.35,1.49,4.02,2.35,1.95,0.21,0.07,1.93,0.78,0.19,0.37,1.39,2016
"199","France","FR",171.04,118.5,1.05,26.3,0.06,19.25,6.42,0.34,0.23,15.3,0.88,0.08,0.25,0.55,0.87,0.44,0.62,0.07,0.01,0.36,0.29,0.03,0.06,0.35,2017
"200","Croatia","HR",455.93,326.48,3.29,82.32,0.13,39.07,7.92,0,0.14,19.12,2.66,0.29,0.75,1.62,2.44,1.3,1.29,0.14,0.05,1.07,0.85,0.13,0.38,0.95,2017
"201","Hungary","HU",498.35,365.65,2.9,72.46,0.15,43.41,15.76,0.02,1.05,40.07,2.26,0.16,0.79,1.31,2.11,1.38,0.72,0.08,0.04,1.13,0.69,0.07,0.23,0.61,2017
"202","Austria","AT",179.57,144.86,0.76,19.05,0.03,9.58,4.8,0.13,1.15,50.16,0.61,0.04,0.2,0.37,0.64,0.35,0.66,0.07,0.01,0.29,0.2,0.02,0.05,0.2,2017
"203","Belgium","BE",237.84,194.64,0.72,18.01,0.05,14.73,9.74,0.45,0.26,24.11,0.65,0.08,0.25,0.32,0.71,0.44,0.46,0.05,0.01,0.36,0.17,0.02,0.04,0.21,2017
"204","Bulgaria","BG",1305.71,1033.85,5.52,138.06,0.36,107.83,25.59,0,0.39,47.97,4.26,2.13,1.27,0.86,3.54,2.21,2.3,0.25,0.08,1.81,0.45,0.13,0.38,1,2017
"205","Switzerland","CH",58.63,43.38,0.32,7.93,0.02,4.97,1.96,0.05,0.33,9.57,0.26,0.01,0.08,0.17,0.26,0.14,0.11,0.01,0,0.12,0.09,0.01,0.02,0.1,2017
"206","Cyprus","CY",402.92,330.97,1.95,48.68,0.04,12.96,9.43,0,0.87,9.61,2.24,0.94,0.41,0.9,1.21,0.72,0.32,0.04,0.03,0.59,0.47,0.04,0.09,0.43,2017
"207","Czechia","CZ",601.46,481.5,2.73,68.26,0.12,34.43,16.83,0.01,0.42,35.35,1.93,0.5,0.63,0.8,1.96,1.1,1.31,0.14,0.04,0.91,0.42,0.05,0.11,0.68,2017
"208","Germany","DE",257.56,223.26,0.7,17.56,0.04,12.61,2.76,0.09,1.28,25.22,0.89,0.11,0.39,0.4,1.06,0.68,0.58,0.06,0.01,0.55,0.21,0.04,0.08,0.31,2017
"209","Denmark","DK",314.89,262.79,1.11,27.85,0.08,22.55,1.41,0,0.29,53.58,5.75,2.3,2.89,0.56,5.57,5.04,0.63,0.07,0.02,4.13,0.29,0.18,0.22,0.45,2017
"210","Estonia","EE",991.38,890.28,1.93,48.3,0.15,43.38,9.31,0,0.12,140.36,4.16,2.03,1.17,0.96,3.03,2.04,2.68,0.29,0.03,1.67,0.5,0.36,0.59,0.67,2017
"211","Greece","EL",606.17,477.65,2.55,63.78,0.1,28.34,35.56,0.82,0.03,9.87,5.01,1.88,2.38,0.75,4.99,4.15,1.69,0.19,0.04,3.4,0.39,0.25,0.43,0.62,2017
"212","Ireland","IE",234.69,153.19,2.14,53.52,0.08,24.93,2.73,0.17,0.15,7.27,1.14,0.03,0.22,0.89,0.77,0.39,0.12,0.01,0.03,0.32,0.47,0.02,0.07,0.33,2017
"213","Spain","ES",266.54,209.1,1.42,35.54,0.05,16.09,5.48,0.12,0.21,14.61,1.52,0.22,0.46,0.85,1.39,0.8,0.91,0.1,0.02,0.66,0.45,0.06,0.12,0.46,2017
"214","Finland","FI",267.8,215.78,0.9,22.48,0.08,23.99,5.42,0.01,0.12,177.07,1.02,0.18,0.55,0.29,1.28,0.96,0.56,0.06,0.01,0.79,0.15,0.04,0.1,0.25,2017
"215","Iceland","IS",345.54,278,1.26,31.42,0.06,16.73,15.79,3.49,0.12,1.17,4.39,2.43,1.45,0.51,3.48,2.53,5.78,0.64,0.02,2.07,0.27,0.08,0.12,0.3,2017
"216","Portugal","PT",371.62,291.23,2.11,52.73,0.06,18.03,9.38,0.1,0.15,36.52,1.58,0.29,0.65,0.64,1.92,1.13,0.98,0.11,0.03,0.93,0.34,0.19,0.31,0.65,2017
"217","Romania","RO",593.11,387.59,5.31,132.67,0.22,64.8,7.7,0.03,0.32,19.14,3.2,0.51,0.77,1.92,2.37,1.34,1.76,0.19,0.07,1.1,1.01,0.11,0.28,0.76,2017
"218","Serbia","RS",NA,0,0,0,0,0,0,NA,0,0,15.42,11,2.49,1.93,6.85,4.35,3.96,0.44,0,3.56,1.01,0.43,0.82,2.07,2017
"219","Sweden","SE",114.79,91.18,0.41,10.23,0.04,11.19,2,0.09,0.11,104.57,0.62,0.1,0.29,0.23,0.77,0.5,0.39,0.04,0.01,0.41,0.12,0.03,0.06,0.22,2017
"220","Slovenia","SI",411.7,336.04,1.99,49.73,0.06,18.88,6.15,0.47,0.42,20.8,1.55,0.12,0.57,0.86,1.82,0.99,2.34,0.26,0.03,0.81,0.45,0.07,0.13,0.54,2017
"221","Slovakia","SK",475.51,398.24,1.72,42.9,0.09,25.42,8.74,0.11,0.09,77.29,1.62,0.35,0.52,0.76,1.99,0.9,2.21,0.24,0.02,0.74,0.4,0.04,0.11,0.83,2017
"222","Turkey","TR",NA,544.8,3.14,78.45,0.19,57.36,NA,NA,NA,NA,6,3.07,0.71,2.23,2.82,1.23,1.18,0.13,0.04,1.01,1.17,NA,NA,1.42,2017
"223","UnitedKingdom","UK",184.75,146.44,0.95,23.84,0.03,9.03,4.97,0.23,0.24,14.87,0.63,0.09,0.3,0.24,0.89,0.52,0.4,0.04,0.01,0.43,0.12,0.03,0.06,0.31,2017
"224","Norway","NO",197.96,172.34,0.6,14.89,0.03,7.76,2.43,0.42,0.11,9.1,1.21,0.34,0.7,0.18,1.7,1.22,0.74,0.08,0.01,1,0.09,0.09,0.12,0.39,2017
"225","Italy","IT",215.72,168.27,1.07,26.68,0.03,10.16,9.48,0.84,0.28,11.84,1.02,0.23,0.34,0.44,0.99,0.59,0.28,0.03,0.01,0.48,0.23,0.05,0.06,0.36,2017
"226","Lithuania","LT",523.63,348.21,3.22,80.59,0.26,78.63,15.99,0,0.2,96.68,3.43,0.35,1.29,1.79,3.42,2.26,0.75,0.08,0.05,1.85,0.94,0.07,0.23,1.04,2017
"227","Luxembourg","LU",158.14,140.58,0.44,11.02,0.02,5.76,0.59,0,0.19,7.47,0.58,0.04,0.34,0.19,0.8,0.6,0.36,0.04,0.01,0.49,0.1,0.02,0.03,0.16,2017
"228","Latvia","LV",432.61,295.55,2.76,68.93,0.2,58.94,8.75,0,0.44,182.66,2.5,0.11,1.09,1.3,3.22,1.9,1.33,0.15,0.04,1.56,0.68,0.32,0.66,1.14,2017
"229","Malta","MT",203.06,160.35,0.69,17.2,0.01,4.27,21.14,0,0.09,0.88,0.63,0.07,0.33,0.23,0.79,0.57,0.47,0.05,0.01,0.47,0.12,0.03,0.06,0.15,2017
"230","Netherlands","NL",269.12,228.04,1.06,26.5,0.04,12.5,1.81,0.08,0.19,17.41,0.82,0.06,0.42,0.34,1.06,0.73,0.4,0.04,0.01,0.6,0.18,0.02,0.04,0.28,2017
"231","Poland","PL",914.28,734.94,4.41,110.35,0.19,55.85,12.9,0.03,0.2,50.74,3.76,1.01,1.32,1.43,3.88,2.3,1.91,0.21,0.06,1.89,0.75,0.19,0.35,1.3,2017
"232","France","FR",160.63,111.2,1.01,25.26,0.06,17.98,5.65,0.32,0.21,15.17,0.84,0.08,0.23,0.53,0.82,0.41,0.58,0.06,0.01,0.33,0.28,0.02,0.06,0.33,2018
"233","Croatia","HR",413.43,293.95,3.02,75.43,0.12,36.3,7.62,0,0.13,26.21,2.46,0.22,0.68,1.55,2.27,1.19,1.04,0.11,0.04,0.98,0.82,0.14,0.39,0.92,2018
"234","Hungary","HU",472.01,346.55,2.73,68.2,0.14,41.03,15.38,0.02,0.84,39.67,2.1,0.14,0.74,1.22,1.99,1.29,0.66,0.07,0.04,1.06,0.64,0.07,0.24,0.59,2018
"235","Austria","AT",165.87,133.1,0.71,17.72,0.03,9.11,4.75,0.09,1.09,46.78,0.57,0.03,0.19,0.35,0.59,0.33,0.59,0.06,0.01,0.27,0.18,0.02,0.05,0.19,2018
"236","Belgium","BE",230.6,189.53,0.69,17.26,0.05,13.6,9.66,0.32,0.23,23.06,0.62,0.08,0.24,0.31,0.68,0.41,0.56,0.06,0.01,0.34,0.16,0.02,0.04,0.2,2018
"237","Bulgaria","BG",1124.91,873.44,4.94,123.55,0.33,98.12,29.42,0,0.37,82.54,3.7,1.72,1.13,0.85,3.13,1.97,2.01,0.22,0.07,1.62,0.44,0.13,0.4,0.86,2018
"238","Switzerland","CH",57.73,42.88,0.32,7.89,0.02,4.63,2.01,0.06,0.26,9.47,0.26,0.01,0.08,0.17,0.26,0.15,0.11,0.01,0,0.12,0.09,0.01,0.02,0.09,2018
"239","Cyprus","CY",385.62,317,1.85,46.14,0.04,12.4,9.22,0,0.87,10.82,2.19,0.92,0.42,0.86,1.13,0.73,0.3,0.03,0.03,0.59,0.45,0.04,0.09,0.35,2018
"240","Czechia","CZ",556.94,449.2,2.48,62.07,0.1,29.56,15.73,0.01,0.37,30.83,1.69,0.4,0.55,0.74,1.75,0.96,1.22,0.13,0.03,0.79,0.39,0.05,0.1,0.61,2018
"241","Germany","DE",241.73,209.78,0.66,16.43,0.04,11.67,2.48,0.1,1.28,24.05,0.87,0.1,0.39,0.37,1.05,0.68,0.54,0.06,0.01,0.56,0.2,0.04,0.07,0.3,2018
"242","Denmark","DK",313.96,263.31,1.1,27.62,0.07,21.17,1.59,0,0.28,52.34,5.87,2.37,2.97,0.54,5.7,5.17,0.64,0.07,0.02,4.24,0.28,0.19,0.23,0.44,2018
"243","Estonia","EE",868.38,776.05,1.76,44.07,0.13,39.51,8.64,0,0.11,114.74,3.43,1.54,1.02,0.87,2.63,1.78,2.31,0.25,0.02,1.46,0.46,0.22,0.42,0.58,2018
"244","Greece","EL",598.24,471.8,2.56,64.01,0.09,27.79,33.75,0.87,0.03,10.53,5.33,2.06,2.53,0.74,5.24,4.4,1.69,0.19,0.04,3.61,0.39,0.26,0.41,0.61,2018
"245","Ireland","IE",213.8,139.37,1.95,48.86,0.08,23.42,1.84,0.16,0.14,7.36,1.06,0.02,0.2,0.84,0.68,0.35,0.09,0.01,0.03,0.29,0.44,0.01,0.06,0.3,2018
"246","Spain","ES",252.64,197.56,1.38,34.58,0.05,15.79,4.38,0.12,0.21,14.45,1.43,0.19,0.42,0.82,1.33,0.74,1.02,0.11,0.02,0.61,0.43,0.07,0.13,0.46,2018
"247","Finland","FI",266.52,216.62,0.86,21.54,0.08,23.13,5.12,0.01,0.1,178.76,0.95,0.16,0.5,0.28,1.18,0.87,0.54,0.06,0.01,0.72,0.15,0.04,0.09,0.24,2018
"248","Iceland","IS",348.67,286.08,1.23,30.79,0.05,15.88,11.91,3.85,0.16,1.37,4.55,2.64,1.42,0.5,3.4,2.47,5.65,0.62,0.02,2.02,0.26,0.08,0.12,0.3,2018
"249","Portugal","PT",336,259.07,2.01,50.22,0.06,17.26,9.21,0.11,0.13,35.22,1.48,0.27,0.6,0.61,1.79,1.05,0.73,0.08,0.03,0.86,0.32,0.17,0.28,0.63,2018
"250","Romania","RO",547.95,356.68,4.79,119.73,0.21,63.83,7.34,0.03,0.34,15.73,2.94,0.44,0.72,1.77,2.19,1.26,1.67,0.18,0.07,1.03,0.93,0.1,0.28,0.68,2018
"251","Serbia","RS",NA,0,0,0,0,0,0,NA,0,0,13.14,9.49,2.12,1.52,5.93,3.7,3.67,0.4,0,3.03,0.8,0.38,0.74,1.83,2018
"252","Sweden","SE",114.48,91.19,0.41,10.24,0.04,10.89,1.93,0.15,0.08,106.46,0.59,0.08,0.28,0.24,0.75,0.48,0.39,0.04,0.01,0.39,0.12,0.03,0.06,0.22,2018
"253","Slovenia","SI",384.97,315.49,1.81,45.34,0.06,18.05,5.3,0.39,0.4,22.08,1.46,0.12,0.53,0.81,1.74,0.92,2.46,0.27,0.03,0.75,0.43,0.07,0.13,0.53,2018
"254","Slovakia","SK",450.37,377.82,1.58,39.48,0.08,25.01,7.85,0.1,0.12,68.65,1.44,0.24,0.48,0.72,1.86,0.84,1.94,0.21,0.02,0.69,0.38,0.04,0.1,0.79,2018
"255","Turkey","TR",NA,618.25,3.83,95.72,0.22,65.84,NA,NA,NA,NA,7.05,3.87,0.84,2.33,3.34,1.47,1.3,0.14,0.05,1.2,1.23,NA,NA,1.68,2018
"256","UnitedKingdom","UK",177.04,140.24,0.93,23.19,0.03,8.77,4.46,0.12,0.25,16.46,0.61,0.09,0.29,0.23,0.88,0.51,0.39,0.04,0.01,0.42,0.12,0.03,0.05,0.31,2018
"257","Norway","NO",197.73,173.63,0.56,13.95,0.02,7.36,2.25,0.45,0.1,8.86,1.29,0.4,0.71,0.17,1.7,1.24,0.71,0.08,0.01,1.02,0.09,0.1,0.12,0.37,2018
"258","Italy","IT",207.49,161.06,1.04,25.91,0.03,9.82,9.36,1.04,0.29,11.74,0.93,0.2,0.31,0.42,0.93,0.54,0.27,0.03,0.01,0.44,0.22,0.04,0.06,0.35,2018
"259","Lithuania","LT",501.51,350.55,2.8,69.91,0.23,69.61,11.29,0,0.16,88.94,3.31,0.32,1.35,1.63,3.43,2.36,0.75,0.08,0.04,1.93,0.86,0.07,0.22,0.95,2018
"260","Luxembourg","LU",155.49,138.68,0.42,10.57,0.02,5.52,0.54,0,0.19,8.39,0.56,0.04,0.33,0.19,0.78,0.58,0.31,0.03,0.01,0.48,0.1,0.02,0.03,0.16,2018
"261","Latvia","LV",421.84,300.07,2.43,60.81,0.18,52.76,7.79,0,0.42,180.03,2.32,0.12,1.01,1.19,2.99,1.77,1.3,0.14,0.03,1.45,0.63,0.3,0.63,1.05,2018
"262","Malta","MT",193.87,154.01,0.66,16.6,0.01,4.11,19.12,0,0.03,1.05,0.52,0.01,0.29,0.22,0.68,0.5,0.33,0.04,0.01,0.41,0.12,0.02,0.07,0.13,2018
"263","Netherlands","NL",250.33,212.63,0.96,23.9,0.04,11.63,1.89,0.1,0.18,17.33,0.77,0.05,0.39,0.32,1,0.69,0.4,0.04,0.01,0.56,0.17,0.02,0.03,0.25,2018
"264","Poland","PL",859.52,695.37,4.12,102.92,0.18,53.04,7.92,0.02,0.25,51.66,3.51,0.89,1.21,1.4,3.55,2.11,1.79,0.2,0.06,1.73,0.74,0.18,0.33,1.19,2018
"265","France","FR",152.59,105.67,0.97,24.28,0.06,17.22,4.95,0.28,0.18,14.37,0.77,0.06,0.21,0.5,0.76,0.37,0.55,0.06,0.01,0.31,0.26,0.02,0.06,0.31,2019
"266","Croatia","HR",394.5,282.01,2.82,70.6,0.12,34.46,7.31,0,0.12,30.66,2.23,0.17,0.66,1.39,2.2,1.15,0.86,0.09,0.04,0.95,0.73,0.14,0.38,0.91,2019
"267","Hungary","HU",427.05,310.12,2.52,62.96,0.13,38.18,14.95,0.02,0.81,36.73,1.89,0.1,0.64,1.15,1.75,1.11,0.56,0.06,0.04,0.91,0.61,0.06,0.23,0.54,2019
"268","Austria","AT",169.37,138.04,0.67,16.8,0.03,8.87,4.36,0.11,1.2,44.53,0.57,0.03,0.2,0.34,0.61,0.35,0.62,0.07,0.01,0.29,0.18,0.02,0.05,0.18,2019
"269","Belgium","BE",220.83,183.04,0.66,16.41,0.04,12.84,8.03,0.3,0.21,21.39,0.57,0.07,0.22,0.29,0.65,0.38,0.63,0.07,0.01,0.31,0.15,0.02,0.03,0.19,2019
"270","Bulgaria","BG",1005.8,773.21,4.42,110.59,0.34,99.89,21.77,0,0.34,88.49,3.03,1.31,0.99,0.73,2.84,1.72,1.88,0.21,0.06,1.41,0.39,0.12,0.32,0.85,2019
"271","Switzerland","CH",NA,NA,NA,NA,NA,NA,NA,NA,NA,NA,NA,NA,NA,NA,NA,NA,NA,NA,NA,NA,NA,NA,NA,NA,2019
"272","Cyprus","CY",346.56,281.44,1.74,43.62,0.04,11.77,8.98,0,0.74,9.44,1.81,0.8,0.38,0.63,1.04,0.67,0.28,0.03,0.02,0.55,0.33,0.04,0.09,0.32,2019
"273","Czechia","CZ",490.87,393.29,2.26,56.53,0.09,26.23,14.48,0.01,0.33,28.48,1.46,0.31,0.49,0.67,1.57,0.85,1.1,0.12,0.03,0.7,0.35,0.04,0.09,0.57,2019
"274","Germany","DE",216.65,186.75,0.61,15.27,0.04,11.07,2.23,0.07,1.26,23.34,0.79,0.09,0.35,0.35,0.96,0.61,0.51,0.06,0.01,0.5,0.18,0.04,0.07,0.29,2019
"275","Denmark","DK",277.37,228.66,1.05,26.32,0.07,21.09,1.04,0,0.26,52.18,5.33,2.13,2.68,0.52,5.18,4.67,0.59,0.06,0.01,3.83,0.27,0.17,0.21,0.43,2019
"276","Estonia","EE",577.71,488.96,1.65,41.27,0.13,39.48,7.89,0,0.11,133.89,2.44,0.88,0.73,0.83,2.06,1.27,2.26,0.25,0.02,1.04,0.44,0.17,0.3,0.52,2019
"277","Greece","EL",550.3,429.89,2.47,61.72,0.09,27.62,30.18,0.86,0.03,10.67,5.15,2.05,2.37,0.73,4.95,4.12,1.71,0.19,0.03,3.38,0.38,0.25,0.39,0.61,2019
"278","Ireland","IE",189.98,124.3,1.74,43.5,0.07,20.2,1.68,0.19,0.1,6.75,0.89,0.01,0.17,0.71,0.6,0.29,0.07,0.01,0.02,0.24,0.37,0.01,0.06,0.27,2019
"279","Spain","ES",228.17,175.4,1.33,33.3,0.05,15.27,3.95,0.04,0.2,14.47,1.31,0.14,0.39,0.78,1.25,0.68,0.96,0.11,0.02,0.56,0.41,0.07,0.12,0.44,2019
"280","Finland","FI",246.28,197.6,0.83,20.68,0.08,23.12,4.79,0.01,0.09,177.17,0.91,0.14,0.49,0.27,1.16,0.86,0.54,0.06,0.01,0.71,0.14,0.03,0.09,0.23,2019
"281","Iceland","IS",313.9,249.48,1.14,28.61,0.05,15.1,15.76,4.85,0.1,1.3,4.7,2.81,1.41,0.49,3.42,2.45,5.45,0.6,0.02,2.01,0.26,0.08,0.13,0.36,2019
"282","Portugal","PT",301.86,227.6,1.93,48.24,0.06,16.65,9.13,0.11,0.13,34.38,1.39,0.25,0.56,0.58,1.72,0.97,0.76,0.08,0.03,0.8,0.3,0.17,0.28,0.64,2019
"283","Romania","RO",479.9,307.61,4.35,108.68,0.19,56.49,6.72,0.02,0.38,15.54,2.72,0.48,0.66,1.59,1.99,1.14,1.54,0.17,0.06,0.94,0.84,0.1,0.29,0.62,2019
"284","Serbia","RS",NA,0,0,0,0,0,0,NA,0,0,13.43,10.13,2.14,1.16,5.81,3.73,3.39,0.37,0,3.05,0.61,0.34,0.69,1.71,2019
"285","Sweden","SE",109.68,86.87,0.39,9.79,0.04,10.98,1.84,0.12,0.08,109.54,0.54,0.07,0.24,0.23,0.68,0.42,0.37,0.04,0.01,0.34,0.12,0.03,0.06,0.22,2019
"286","Slovenia","SI",358.29,291.57,1.71,42.75,0.06,18.88,4.44,0.28,0.37,26.36,1.32,0.11,0.46,0.75,1.52,0.8,1.97,0.22,0.02,0.65,0.4,0.07,0.12,0.48,2019
"287","Slovakia","SK",401.34,331.76,1.5,37.38,0.08,24.41,7.63,0.06,0.11,64.57,1.25,0.17,0.41,0.67,1.58,0.71,1.33,0.15,0.02,0.58,0.35,0.03,0.09,0.7,2019
"288","Turkey","TR",NA,557.16,3.83,95.71,0.22,65.1,NA,NA,NA,NA,6.83,3.67,0.79,2.37,3.2,1.38,1.13,0.12,0.05,1.13,1.25,NA,NA,1.64,2019
"289","UnitedKingdom","UK",163.67,129.24,0.86,21.53,0.03,8.31,4.25,0.12,0.23,16.44,0.56,0.08,0.27,0.22,0.82,0.47,0.38,0.04,0.01,0.38,0.11,0.02,0.05,0.3,2019
"290","Norway","NO",198.39,174.42,0.54,13.57,0.03,7.62,2.14,0.54,0.1,9.71,1.24,0.39,0.69,0.16,1.66,1.2,0.73,0.08,0.01,0.98,0.09,0.1,0.12,0.37,2019
"291","Italy","IT",200.61,155.36,1.01,25.28,0.03,9.57,9.48,0.64,0.29,11.85,0.95,0.22,0.32,0.41,0.95,0.56,0.29,0.03,0.01,0.46,0.22,0.04,0.06,0.34,2019
"292","Lithuania","LT",475.76,334.8,2.56,64.07,0.22,66.14,10.64,0,0.12,82.42,2.99,0.27,1.25,1.47,3.17,2.17,0.69,0.08,0.04,1.78,0.77,0.06,0.2,0.88,2019
"293","Luxembourg","LU",160.54,144.31,0.4,10.09,0.02,5.46,0.5,0,0.18,10.47,0.58,0.04,0.36,0.18,0.83,0.63,0.36,0.04,0.01,0.52,0.09,0.02,0.03,0.16,2019
"294","Latvia","LV",407.19,287.96,2.34,58.39,0.18,53.38,6.94,0,0.52,173.97,2.21,0.11,0.95,1.15,2.83,1.65,1.29,0.14,0.03,1.36,0.61,0.29,0.64,1,2019
"295","Malta","MT",185.88,149.13,0.63,15.71,0.01,3.85,17.17,0,0.02,1.97,0.47,0.01,0.27,0.2,0.62,0.46,0.29,0.03,0.01,0.38,0.1,0.02,0.07,0.12,2019
"296","Netherlands","NL",233.21,196.91,0.93,23.22,0.04,10.96,1.88,0.1,0.15,19.12,0.69,0.05,0.36,0.29,0.92,0.63,0.39,0.04,0.01,0.51,0.15,0.02,0.03,0.24,2019
"297","Poland","PL",764.88,619.21,3.65,91.26,0.16,46.92,7.27,0.02,0.19,52.74,3.05,0.72,1.08,1.25,3.19,1.89,1.59,0.18,0.05,1.55,0.66,0.16,0.3,1.08,2019
"298","France","FR",146.37,97.27,1.02,25.54,0.06,18.06,5.07,0.23,0.19,NA,NA,NA,NA,NA,NA,NA,NA,NA,0.01,NA,NA,NA,NA,NA,2020
"299","Croatia","HR",416.36,297.08,3.01,75.37,0.12,35.76,8.02,0,0.13,NA,NA,NA,NA,NA,NA,NA,NA,NA,0.04,NA,NA,NA,NA,NA,2020
"300","Hungary","HU",444.13,318.19,2.68,66.91,0.14,41.74,16.33,0.03,0.93,NA,NA,NA,NA,NA,NA,NA,NA,NA,0.04,NA,NA,NA,NA,NA,2020
"301","Austria","AT",157.3,125.08,0.69,17.31,0.03,9.21,4.4,0.09,1.2,NA,NA,NA,NA,NA,NA,NA,NA,NA,0.01,NA,NA,NA,NA,NA,2020
"302","Belgium","BE",214.28,176.16,0.68,17.09,0.04,13.2,7.19,0.42,0.22,NA,NA,NA,NA,NA,NA,NA,NA,NA,0.01,NA,NA,NA,NA,NA,2020
"303","Bulgaria","BG",923.49,691.03,4.42,110.56,0.33,99.81,21.76,0,0.33,NA,NA,NA,NA,NA,NA,NA,NA,NA,0.06,NA,NA,NA,NA,NA,2020
"304","Switzerland","CH",NA,NA,NA,NA,NA,NA,NA,NA,NA,NA,NA,NA,NA,NA,NA,NA,NA,NA,NA,NA,NA,NA,NA,NA,2020
"305","Cyprus","CY",361.06,292.55,1.8,45.04,0.04,13.14,9.54,0,0.79,NA,NA,NA,NA,NA,NA,NA,NA,NA,0.03,NA,NA,NA,NA,NA,2020
"306","Czechia","CZ",495.64,391.05,2.24,55.89,0.09,27.89,20.47,0.01,0.33,NA,NA,NA,NA,NA,NA,NA,NA,NA,0.03,NA,NA,NA,NA,NA,2020
"307","Germany","DE",200.18,170.17,0.61,15.33,0.04,11.02,2.29,0.08,1.29,NA,NA,NA,NA,NA,NA,NA,NA,NA,0.01,NA,NA,NA,NA,NA,2020
"308","Denmark","DK",270.35,221.69,1.06,26.41,0.07,20.96,1.03,0,0.26,53.6,NA,NA,NA,NA,NA,NA,NA,NA,0.01,NA,NA,NA,NA,NA,2020
"309","Estonia","EE",459.52,369.65,1.68,41.99,0.13,39.9,7.86,0,0.12,NA,NA,NA,NA,NA,NA,NA,NA,NA,0.02,NA,NA,NA,NA,NA,2020
"310","Greece","EL",514.92,382.79,2.63,65.79,0.1,29.45,35.76,1.09,0.03,NA,NA,NA,NA,NA,NA,NA,NA,NA,0.04,NA,NA,NA,NA,NA,2020
"311","Ireland","IE",148.82,85.23,1.69,42.28,0.07,19.53,1.51,0.18,0.08,NA,NA,NA,NA,NA,NA,NA,NA,NA,0.02,NA,NA,NA,NA,NA,2020
"312","Spain","ES",212.1,154.82,1.47,36.84,0.06,16.65,3.55,0.03,0.22,NA,NA,NA,NA,NA,NA,NA,NA,NA,0.02,NA,NA,NA,NA,NA,2020
"313","Finland","FI",220.17,171.46,0.83,20.65,0.08,23.18,4.78,0.01,0.09,NA,NA,NA,NA,NA,NA,NA,NA,NA,0.01,NA,NA,NA,NA,NA,2020
"314","Iceland","IS",277.44,207.3,1.19,29.72,0.06,16.55,18.23,5.54,0.12,1.29,4.3,2.64,1.11,0.56,2.93,1.93,6.3,0.69,0.02,1.58,0.29,0.07,0.1,0.29,2020
"315","Portugal","PT",297.81,218.51,2.06,51.47,0.06,17.85,9.72,0.12,0.14,NA,NA,NA,NA,NA,NA,NA,NA,NA,0.03,NA,NA,NA,NA,NA,2020
"316","Romania","RO",467.69,290.48,4.49,112.18,0.19,57.78,6.82,0.02,0.42,NA,NA,NA,NA,NA,NA,NA,NA,NA,0.06,NA,NA,NA,NA,NA,2020
"317","Serbia","RS",NA,NA,NA,NA,NA,NA,NA,NA,NA,NA,NA,NA,NA,NA,NA,NA,NA,NA,NA,NA,NA,NA,NA,NA,2020
"318","Sweden","SE",97.89,75.43,0.39,9.63,0.04,10.75,1.85,0.16,0.08,104.76,0.51,0.06,0.22,0.23,0.63,0.38,0.33,0.04,0.01,0.31,0.12,0.03,0.05,0.22,2020
"319","Slovenia","SI",354.29,287.48,1.73,43.26,0.06,18.38,4.55,0.23,0.38,NA,NA,NA,NA,NA,NA,NA,NA,NA,0.02,NA,NA,NA,NA,NA,2020
"320","Slovakia","SK",381.11,312.54,1.51,37.7,0.08,23.08,7.62,0.07,0.11,NA,NA,NA,NA,NA,NA,NA,NA,NA,0.02,NA,NA,NA,NA,NA,2020
"321","Turkey","TR",NA,NA,NA,NA,NA,NA,NA,NA,NA,NA,NA,NA,NA,NA,NA,NA,NA,NA,NA,NA,NA,NA,NA,NA,2020
"322","UnitedKingdom","UK",NA,NA,NA,NA,NA,NA,NA,NA,NA,NA,NA,NA,NA,NA,NA,NA,NA,NA,NA,NA,NA,NA,NA,NA,2020
"323","Norway","NO",224.81,197.53,0.61,15.37,0.03,8.76,2.45,0.58,0.12,NA,NA,NA,NA,NA,NA,NA,NA,NA,0.01,NA,NA,NA,NA,NA,2020
"324","Italy","IT",197.54,149.24,1.06,26.4,0.03,10.28,10.28,1.1,0.24,NA,NA,NA,NA,NA,NA,NA,NA,NA,0.01,NA,NA,NA,NA,NA,2020
"325","Lithuania","LT",464.21,326.4,2.44,61.02,0.23,67.5,9.2,0,0.1,NA,NA,NA,NA,NA,NA,NA,NA,NA,0.03,NA,NA,NA,NA,NA,2020
"326","Luxembourg","LU",143.39,127.49,0.39,9.86,0.02,5.37,0.49,0,0.18,NA,NA,NA,NA,NA,NA,NA,NA,NA,0.01,NA,NA,NA,NA,NA,2020
"327","Latvia","LV",386.04,263.03,2.37,59.27,0.19,56.1,7.18,0,0.45,172.8,NA,NA,NA,NA,NA,NA,NA,NA,0.03,NA,NA,NA,NA,NA,2020
"328","Malta","MT",156.92,119.53,0.64,15.98,0.01,2.51,18.88,0,0.02,NA,NA,NA,NA,NA,NA,NA,NA,NA,0.01,NA,NA,NA,NA,NA,2020
"329","Netherlands","NL",212.34,176.36,0.93,23.19,0.04,10.87,1.66,0.1,0.16,23.42,0.65,0.04,0.32,0.3,0.84,0.56,0.35,0.04,0.01,0.46,0.16,NA,0.03,0.23,2020
"330","Poland","PL",744.41,596.04,3.69,92.31,0.16,47.92,7.91,0.02,0.21,NA,NA,NA,NA,NA,NA,NA,NA,NA,0.05,NA,NA,NA,NA,NA,2020
